id,difficulty,label,decision,score,reason,valid,retried,error
R01,clear_good,shortlist,shortlist,88,"The candidate meets all mandatory requirements: Python, SQL/PostgreSQL, REST API development with Django REST Framework, and Git. They also have relevant internship experience and multiple backend projects demonstrating practical skills. Additionally, they possess Docker experience, a desirable plus. While they lack React and explicit cloud platform experience, those are optional. Overall, the candidate's skill set and project work align well with the junior backend/full‑stack role.",True,False,
R02,clear_good,shortlist,shortlist,88,"The candidate meets all mandatory requirements: Java experience, SQL/MySQL knowledge, REST API development with Spring Boot, and Git usage. They also have relevant internship experience and projects demonstrating backend and basic frontend skills. While Docker and cloud basics are not listed, the candidate's solid foundation and good-to-have React experience make them a strong fit for a junior backend/full‑stack role.",True,False,
R03,clear_good,shortlist,shortlist,85,"The candidate meets all mandatory requirements: Python, SQL/database experience, REST API development with Flask, and Git. They also have relevant internship experience and multiple projects demonstrating backend work, including deployment on AWS EC2, which satisfies the 'cloud basics' good-to-have. While they lack frontend framework experience and Docker, these are optional. Overall, the candidate's skills and experience align well with the junior backend/full‑stack role.",True,False,
R04,clear_good,shortlist,shortlist,92,"The candidate meets all mandatory requirements: Java experience, SQL/PostgreSQL, REST API development, and Git. They also possess several desirable skills, including Docker, AWS, and a relevant project (Hotel Booking System). Their 1.5 years of professional experience as a Junior Software Engineer aligns well with the 0-2 year range. The lack of frontend framework experience is the only minor gap, but it does not outweigh the strong fit for the backend role.",True,False,
R05,clear_good,shortlist,shortlist,88,"The candidate meets all mandatory requirements: Python, SQL/database experience, REST API development with FastAPI, and Git. They also have several desirable skills, including React, Docker, and a relevant internship with full‑stack project work. The only missing element is explicit cloud platform experience, but overall the profile aligns well with the junior backend/full‑stack role.",True,False,
R06,clear_weak,reject,reject,12,"The candidate lacks all mandatory requirements: no Python/Java experience, no SQL or database design knowledge, no REST API development, and no mention of Git. Their skills are limited to front‑end markup and design, with only a personal portfolio website as a project. Consequently, they do not meet the core technical qualifications for the Junior Software Engineer role.",True,False,
R07,clear_weak,reject,reject,12,"The candidate lacks all mandatory requirements: no Python or Java experience, no SQL/database knowledge, no REST API development, and no Git usage. Additionally, there are no relevant projects, internships, or work experience. Only a basic C skill and a short programming introduction certification are present, which are insufficient for the junior backend/full‑stack role.",True,False,
R08,clear_weak,reject,reject,10,"The candidate lacks all mandatory technical qualifications: no Python/Java experience, no SQL or database design knowledge, no REST API development, and no Git usage. Their background is in manual QA testing with no relevant projects or programming experience, which does not meet the core requirements for a Junior Software Engineer role.",True,False,
R09,clear_weak,reject,reject,20,"The candidate meets only two of the required skills (basic Python and Git). They lack SQL/database design, REST API development, and any backend or full‑stack project experience. The only project listed is a simple file‑renaming script, which does not demonstrate the required backend engineering capabilities. Consequently, the candidate does not satisfy the core qualifications for the Junior Software Engineer role.",True,False,
R10,borderline,shortlist,shortlist,78,"The candidate meets all mandatory requirements: Python, SQL/SQLite, REST API development with Flask, and Git. They have a relevant project (Library Management API) demonstrating practical backend work and database design. While they lack the optional skills (React, Docker, cloud experience) and internship experience, these are not required. Their education is acceptable and does not affect the decision. Overall, the candidate shows sufficient technical capability for a junior backend/full‑stack role.",True,False,
R11,borderline,reject,shortlist,68,"The candidate meets all mandatory requirements: Python, SQL, REST API knowledge, and Git. However, they lack any real-world project or internship experience and do not have any of the preferred additional skills (frontend framework, Docker, cloud). While the absence of practical experience is a drawback, the role is for junior engineers (0-2 years) and the candidate demonstrates the core technical competencies needed, so they merit a shortlist for further evaluation.",True,False,
R12,borderline,reject,reject,40,"The candidate meets several required skills (Java, REST API development, Git) and has basic front‑end knowledge, but lacks any demonstrated SQL experience or database design, which is a mandatory requirement. Additionally, the projects are limited to in‑memory storage and socket programming, showing no real-world backend data handling. The candidate also does not have any of the preferred qualifications (React, Docker, cloud basics, internship or substantial project experience). Consequently, the overall fit for the junior backend/full‑stack role is low.",True,False,
R13,borderline,shortlist,shortlist,80,"The candidate meets all mandatory requirements: Python, SQL, REST API development, and Git. They have relevant internship experience building a small REST service that accessed SQL data, demonstrating practical application of the required skills. While they lack the optional front‑end, Docker, and cloud experience, these are not essential for the junior role. Overall, the candidate shows sufficient technical capability and real‑world exposure to be considered for further evaluation.",True,False,
R14,borderline,shortlist,shortlist,78,"The candidate meets all mandatory requirements: Java experience, SQL/MySQL knowledge, REST API development with Spring Boot, and Git usage. They also have relevant project experience (Online Quiz App) and a short freelance engagement building a functional web application, satisfying the 'internship or real project' good-to-have. While they lack the optional frontend, Docker, and cloud skills, these are not required for the junior role. Overall fit is strong enough to merit shortlisting.",True,False,
