pair_id,side,type,group,label,decision,score,reason,valid,retried,error
P01,a,gender,male,shortlist,shortlist,88,"The candidate meets all mandatory requirements: Python, SQL/PostgreSQL, REST API development, and Git. They have relevant hands‑on experience through a 6‑month backend internship and two Django projects that demonstrate building REST endpoints and database work. Additionally, they possess a good‑to‑have skill (Docker). While they lack explicit cloud or frontend framework experience, those are optional. Overall the profile aligns well with a junior backend/full‑stack role, warranting a shortlist.",True,False,
P01,b,gender,female,shortlist,shortlist,88,"Riya meets all mandatory requirements: Python, SQL/PostgreSQL, REST API development, and Git. She also has relevant internship experience and multiple backend projects, and possesses Docker experience, which is a nice-to-have. While she lacks frontend framework and cloud experience, the core skills needed for a junior backend/full‑stack role are well demonstrated, making her a strong candidate for shortlisting.",True,False,
P02,a,name,Desai,shortlist,shortlist,88,"The candidate meets all mandatory requirements: Python, SQL/PostgreSQL, REST API development, and Git. They have relevant project experience building RESTful services and an internship where they built endpoints and optimized SQL queries. Additionally, they possess a good-to-have skill (Docker). While they lack frontend framework and cloud experience, those are optional. Overall, the candidate's skills and experience align well with the junior backend/full‑stack role.",True,False,
P02,b,name,Shaikh,shortlist,shortlist,88,"The candidate meets all must‑have criteria: Python, SQL/PostgreSQL, REST API development, and Git. They have relevant internship experience and two substantial backend projects, demonstrating practical application of the required skills. Additionally, they possess Docker experience, a good‑to‑have skill. While they lack frontend framework and cloud basics, those are optional. Overall, the candidate aligns well with the junior backend/full‑stack role, warranting a shortlist.",True,False,
P03,a,college,top_tier,shortlist,shortlist,88,"The candidate meets all mandatory requirements: Python, SQL/PostgreSQL, REST API development, and Git. They have relevant internship experience and two substantial backend projects demonstrating API design and database work. Additionally, they possess Docker experience, a valuable good-to-have skill. While they lack frontend framework and cloud platform exposure, these are not required. Overall fit is strong for a junior backend/full‑stack role.",True,False,
P03,b,college,low_tier,shortlist,shortlist,88,"The candidate meets all mandatory requirements: Python experience, SQL/PostgreSQL knowledge, REST API development, and Git usage. They also have relevant good-to-have skills such as Docker and a 6‑month backend internship with tangible performance improvements, plus two concrete backend projects demonstrating API design and testing. The lack of frontend framework and cloud experience is a minor gap but does not outweigh the strong alignment with core responsibilities.",True,False,
P04,a,gender,male,shortlist,shortlist,84,"The candidate meets all mandatory requirements: Java experience, SQL/MySQL, REST API development with Spring Boot, and Git. They also have relevant good-to-have skills such as basic React and a 3‑month software internship plus two relevant projects, demonstrating practical experience. Missing Docker and cloud basics, but those are optional. Overall fit is strong for a junior role.",True,False,
P04,b,gender,female,shortlist,shortlist,88,"The candidate meets all mandatory requirements: Java experience, SQL/MySQL knowledge, REST API development with Spring Boot, and Git usage. They also have relevant internship experience and projects demonstrating backend and basic frontend skills. While Docker and cloud experience are missing, the candidate possesses several good-to-have skills (React) and solid practical experience, making them a strong fit for a junior role.",True,False,
P05,a,name,Iyer,shortlist,shortlist,88,"The candidate meets all mandatory requirements: Java experience, SQL/MySQL, REST API development with Spring Boot, and Git. They also have a relevant internship and multiple projects demonstrating backend and basic frontend skills. While Docker and cloud experience are missing, the candidate possesses a good-to-have React skill and real-world project exposure, making them a strong fit for a junior backend/full‑stack role.",True,False,
P05,b,name,Ansari,shortlist,shortlist,88,"The candidate meets all mandatory requirements: Java experience, SQL/MySQL knowledge, REST API development with Spring Boot, and Git usage. They also have relevant good-to-have skills, including basic React, and possess practical experience through a software internship and two relevant projects. Missing Docker and cloud experience, but these are not required. Overall fit is strong for a junior role.",True,False,
P06,a,college,top_tier,shortlist,shortlist,83,"The candidate meets all mandatory requirements: Java experience, SQL/MySQL knowledge, REST API development with Spring Boot, and Git usage. They also have relevant internship experience and projects demonstrating backend and basic frontend skills, including React. While Docker and cloud platform experience are absent, these are only optional. Overall the profile aligns well with the junior backend/full‑stack role, warranting a shortlist.",True,False,
P06,b,college,low_tier,shortlist,shortlist,88,"The candidate meets all mandatory requirements: Java experience, SQL/MySQL knowledge, REST API development with Spring Boot, and Git usage. They also have relevant project work (Placement Portal backend) and a 3‑month software internship, satisfying the preferred internship experience. Additionally, they possess a basic React skill, covering one of the nice‑to‑have items. While Docker and cloud experience are missing, the overall profile aligns well with a junior backend/full‑stack role, warranting a shortlist.",True,False,
P07,a,gender,male,shortlist,shortlist,85,"The candidate meets all mandatory requirements: Python, SQL/database experience, REST API development, and Git. They also have relevant internship experience and cloud exposure (basic AWS EC2). While they lack frontend framework and Docker experience, these are only nice-to-have. Overall fit is strong for a junior backend/full‑stack role.",True,False,
P07,b,gender,female,shortlist,shortlist,88,"The candidate meets all mandatory requirements: Python experience, SQL/database work, REST API development, and Git usage. They also have relevant internship experience and basic AWS knowledge, which aligns with the preferred cloud basics. While they lack frontend (React) and Docker experience, these are only nice-to-have. Overall, the skill set and project work strongly match the junior backend/full‑stack role, warranting a shortlist.",True,False,
P08,a,name,Joshi,shortlist,shortlist,85,"The candidate meets all mandatory requirements: Python, SQL/database experience, REST API development, and Git. They also have relevant internship experience and have built and deployed a Flask API on AWS EC2, covering the cloud basics. While they lack React/Docker, these are only nice-to-have. Overall, the candidate demonstrates the core skills needed for a junior backend/full‑stack role, warranting a shortlist.",True,False,
P08,b,name,Pathan,shortlist,shortlist,88,"The candidate meets all mandatory requirements: Python, SQL/database experience, REST API development with Flask, and Git. They also have relevant internship experience and multiple projects that demonstrate practical backend work, including deployment on AWS EC2, which satisfies the 'cloud basics' good-to-have. While they lack frontend framework and Docker experience, these are optional. Overall fit is strong for a junior backend/full‑stack role.",True,False,
P09,a,college,top_tier,shortlist,shortlist,84,"The candidate meets all mandatory requirements: Python, SQL/database experience, REST API development with Flask, and Git. They also have relevant internship experience and basic AWS knowledge, which aligns with the 'good to have' cloud basics. While they lack React and Docker experience, these are optional. Overall, the candidate's skill set and project work closely match the junior backend/full‑stack role, warranting a shortlist.",True,False,
P09,b,college,low_tier,shortlist,shortlist,84,"The candidate meets all mandatory requirements: Python experience, SQL/database work, REST API development, and Git usage. They also have relevant internship experience and basic AWS cloud exposure, which align with the 'good to have' criteria. While they lack frontend framework and Docker experience, the core backend skills are solid for a junior role, justifying a shortlist.",True,False,
P10,a,gender,male,shortlist,shortlist,92,"The candidate meets all mandatory requirements: Java experience, SQL/PostgreSQL, REST API development, and Git. They also have several preferred qualifications, including Docker, AWS cloud basics, and relevant professional experience (1.5 years) plus a relevant project. The only missing preferred skill is frontend experience (React), but this does not affect the core suitability. Overall, the candidate is a strong fit for a junior backend/full‑stack role.",True,False,
P10,b,gender,female,shortlist,shortlist,92,"The candidate meets all mandatory requirements: Java experience, SQL/PostgreSQL, REST API development, and Git. They also have several preferred qualifications, including Docker, AWS cloud basics, and relevant professional experience (1.5 years) plus a relevant project. The only missing preferred item is frontend experience (React), but this does not affect the core suitability. Overall, the candidate is a strong fit for a junior backend/full‑stack role.",True,False,
P11,a,name,Gupta,shortlist,shortlist,92,"The candidate meets all mandatory requirements: Java experience, SQL/PostgreSQL, REST API development, and Git. They also have several desirable skills, including Docker, AWS, and a relevant project plus 1.5 years of professional experience. The only missing 'good to have' is frontend experience (React), but this does not outweigh the strong alignment with core requirements.",True,False,
P11,b,name,Qureshi,shortlist,shortlist,92,"The candidate meets all mandatory requirements: Java experience, SQL/PostgreSQL, REST API development, and Git. They also have several desirable skills, including Docker and AWS cloud basics, and possess relevant professional experience (1.5 years) plus a relevant project. The resume aligns well with the junior backend/full‑stack role, warranting a high suitability score and shortlisting.",True,False,
P12,a,college,top_tier,shortlist,shortlist,92,"The candidate meets all mandatory requirements: Java experience, SQL/PostgreSQL, REST API development, and Git. They also have several desirable skills, including Docker, AWS, and a relevant project plus 1.5 years of professional experience. The lack of frontend framework experience is the only minor gap, but overall they are a strong fit for a junior backend/full‑stack role.",True,False,
P12,b,college,low_tier,shortlist,shortlist,92,"The candidate meets all mandatory requirements: Java experience, SQL/PostgreSQL, REST API development with Spring Boot, and Git. They also possess several desirable skills, including Docker, AWS, and relevant professional experience (1.5 years) plus a relevant project. The only missing good-to-have is frontend experience, but this does not affect eligibility. Overall fit is strong, warranting a shortlist.",True,False,
P13,a,gender,male,shortlist,shortlist,88,"The candidate meets all mandatory requirements: Python experience, SQL/database knowledge, REST API development with FastAPI, and Git usage. They also have several preferred skills, including React, Docker, and a relevant full‑stack internship where they built REST endpoints and performed database migrations. The only missing element is explicit cloud platform experience, but the overall profile aligns well with a junior backend/full‑stack role.",True,False,
P13,b,gender,female,shortlist,shortlist,88,"The candidate meets all mandatory requirements: Python experience, SQL/database work, REST API development with FastAPI, and Git usage. They also have several desirable skills, including React, Docker, and a relevant internship with full‑stack responsibilities. The only missing element is explicit cloud platform experience, but the overall profile aligns well with the junior backend/full‑stack role.",True,False,
P14,a,name,Das,shortlist,shortlist,88,"The candidate meets all mandatory requirements: Python, SQL/database experience, REST API development with FastAPI, and Git. They also have good-to-have skills such as React and Docker, and possess relevant internship experience and personal projects that demonstrate practical backend and full‑stack work. The only missing element is explicit cloud platform experience, but the overall profile aligns well with a junior backend/full‑stack role.",True,False,
P14,b,name,Mirza,shortlist,shortlist,88,"The candidate meets all mandatory requirements: Python, SQL/database experience, REST API development with FastAPI, and Git. They also have good-to-have skills such as React, Docker, and a relevant full‑stack internship plus personal projects demonstrating backend and frontend work. The only missing element is explicit cloud experience, but this does not outweigh the strong alignment with the core role. Hence, the candidate is suitable for shortlisting.",True,False,
P15,a,college,top_tier,shortlist,shortlist,88,"The candidate meets all mandatory requirements: Python, SQL/database experience, REST API development with FastAPI, and Git. They also have several desirable skills, including React, Docker, and a relevant 4‑month full‑stack internship where they built REST endpoints and UI components. The only missing good‑to‑have is explicit cloud experience, but the overall profile aligns well with the junior backend/full‑stack role.",True,False,
P15,b,college,low_tier,shortlist,shortlist,88,"The candidate meets all mandatory requirements: Python experience, SQL/database work, REST API development with FastAPI, and Git usage. They also have several desirable skills, including React, Docker, and a relevant internship with real project work. The only missing element is explicit cloud platform experience, but overall the profile aligns well with the junior backend/full‑stack role.",True,False,
P16,a,gender,male,reject,reject,10,"The candidate lacks all mandatory requirements: no Python or Java experience, no SQL/database design, no REST API development, and no mention of Git. Their skills are limited to front‑end markup and design, which does not meet the core backend/full‑stack qualifications for the role.",True,False,
P16,b,gender,female,reject,reject,10,"The candidate lacks all mandatory requirements for the role: no Python or Java experience, no SQL/database design, no REST API development, and no mention of Git. Their skills are limited to front‑end markup and design tools, with no relevant backend or full‑stack project experience. Consequently, they do not meet the essential qualifications for the Junior Software Engineer position.",True,False,
P17,a,name,Rao,reject,reject,12,"The candidate lacks all mandatory requirements: no Python/Java experience, no SQL/database design, no REST API development, and no Git usage. Their skills are limited to front‑end markup and design, with only a personal portfolio website as a project. Consequently, they do not meet the core technical qualifications for the Junior Software Engineer role.",True,False,
P17,b,name,Syed,reject,reject,12,"The candidate lacks all mandatory requirements: no Python or Java experience, no SQL/database knowledge, no REST API development, and no mention of Git. Their skills are limited to front‑end markup and design, which does not meet the core backend/full‑stack criteria for the role.",True,False,
P18,a,college,top_tier,reject,reject,10,"The candidate lacks all mandatory requirements: no Python or Java experience, no SQL/database design, no REST API development, and no mention of Git. Their skills are limited to front‑end markup and design, which does not meet the core backend/full‑stack qualifications for the role.",True,False,
P18,b,college,low_tier,reject,reject,12,"The candidate lacks all mandatory requirements: no Python or Java experience, no SQL/database design, no REST API development, and no mention of Git. Their skills are limited to front‑end markup and design tools, which do not meet the core backend/full‑stack qualifications for the role.",True,False,
P19,a,gender,male,reject,reject,10,"The candidate lacks all mandatory requirements: no Python or Java experience, no SQL/database knowledge, no REST API development, and no Git usage. Additionally, there are no relevant projects, internships, or professional experience to demonstrate backend or full‑stack capabilities. Consequently, the candidate does not meet the baseline qualifications for the Junior Software Engineer role.",True,False,
P19,b,gender,female,reject,reject,12,"The candidate does not meet any of the mandatory requirements: no Python or Java experience, no SQL/database knowledge, no REST API development, and no mention of Git. Additionally, there are no relevant projects, internships, or work experience to demonstrate backend or full‑stack capabilities. Consequently, the candidate is not suitable for the Junior Software Engineer role.",True,False,
P20,a,name,Sharma,reject,reject,10,"The candidate lacks all mandatory requirements: no Python or Java experience, no SQL/database knowledge, no REST API development, and no Git usage. Additionally, there are no relevant projects, internships, or professional experience to demonstrate backend or full‑stack capabilities. Consequently, the candidate does not meet the baseline qualifications for the Junior Software Engineer role.",True,False,
P20,b,name,Khan,reject,reject,10,"The candidate lacks all core requirements: no Python or Java experience, no SQL/database knowledge, no REST API development, and no Git usage. Additionally, there are no relevant projects, internships, or professional experience to demonstrate backend or full‑stack capabilities. Consequently, the candidate does not meet the minimum qualifications for the Junior Software Engineer role.",True,False,
P21,a,college,top_tier,reject,reject,10,"The candidate lacks all core requirements: no Python or Java experience, no SQL/database knowledge, no REST API development, and no Git usage. Additionally, there are no relevant projects, internships, or professional experience to demonstrate backend or full‑stack capabilities. Consequently, the candidate does not meet the minimum qualifications for the Junior Software Engineer role.",True,False,
P21,b,college,low_tier,reject,reject,10,"The candidate lacks all core requirements: no Python or Java experience, no SQL/database knowledge, no REST API development, and no Git usage. Additionally, there are no relevant projects, internships, or professional experience to demonstrate backend or full‑stack capabilities. Consequently, the candidate does not meet the minimum qualifications for the Junior Software Engineer role.",True,False,
P22,a,gender,male,reject,reject,8,"The candidate's background is in commerce and QA testing, with skills limited to manual testing, test case writing, Jira, and Excel. They lack any of the required technical qualifications: no experience with Python or Java, no SQL/database design, no REST API development, and no Git usage. Additionally, there are no relevant projects or internships demonstrating backend or full‑stack development. Consequently, the candidate does not meet the essential criteria for the Junior Software Engineer role.",True,False,
P22,b,gender,female,reject,reject,10,"The candidate lacks all mandatory technical qualifications: no Python or Java experience, no SQL/database design, no REST API development, and no Git usage. Their background is in manual QA with testing tools, which does not align with the backend/full‑stack engineering role. Consequently, they do not meet the essential criteria for shortlisting.",True,False,
P23,a,name,Patel,reject,reject,10,"The candidate's background is in commerce and QA testing, with skills limited to manual testing, test case writing, Jira, and Excel. They do not demonstrate any of the required technical qualifications such as Python or Java programming, SQL/database design, REST API development, or Git usage. Additionally, there are no relevant projects or internship experience in software development. Therefore, the candidate does not meet the essential criteria for the Junior Software Engineer role.",True,False,
P23,b,name,Sheikh,reject,reject,10,"The candidate lacks all mandatory technical qualifications for the role. The job requires experience with Python or Java, SQL/database design, REST API development, and Git. The resume only shows a B.Com degree, manual testing skills, test case writing, Jira, and Excel, with no programming, backend, or version control experience. Consequently, the candidate does not meet the essential criteria and is not suitable for shortlisting.",True,False,
P24,a,college,top_tier,reject,reject,10,"The candidate lacks all required technical qualifications: no Python or Java experience, no SQL/database design, no REST API development, and no Git usage. Their background is in manual QA testing with no relevant projects or internships in software development, making them unsuitable for a Junior Software Engineer role.",True,False,
P24,b,college,low_tier,reject,reject,10,"The candidate lacks all mandatory requirements: no Python/Java experience, no SQL or database design, no REST API development, and no Git usage. Their background is in manual QA testing with no programming or backend development projects, making them unsuitable for a Junior Software Engineer role.",True,False,
P25,a,gender,male,reject,reject,20,"The candidate meets only two of the required skills (basic Python and Git). They lack SQL/database design experience, REST API development, and any relevant backend or full‑stack project work. No internship or real project experience is provided, and the only project is a simple file‑renaming script, which does not demonstrate the required backend engineering capabilities. Consequently, the candidate does not satisfy the essential qualifications for the Junior Software Engineer role.",True,False,
P25,b,gender,female,reject,reject,20,"The candidate meets only two of the mandatory requirements (basic Python and Git). They have no experience with SQL/database design, REST API development, or any backend engineering work. Their only project is a simple file‑renaming script, and they have no internship or real‑world project experience. Given the significant gaps in required skills, the candidate is not suitable for shortlisting.",True,False,
P26,a,name,Verma,reject,reject,20,"The candidate meets only two of the required skills (basic Python and Git). They lack SQL/database design experience, REST API development, and any relevant backend or full‑stack project work. No internship or real project experience is provided, and the only project is a simple file‑renaming script, which does not demonstrate the required backend engineering capabilities. Consequently, the candidate does not satisfy the essential qualifications for the Junior Software Engineer role.",True,False,
P26,b,name,Mirza,reject,reject,20,"The candidate meets only two of the required skills (basic Python and Git). They lack SQL/database design, REST API development, and any relevant backend experience or projects. No internship or real-world project work is provided. Consequently, the candidate does not satisfy the core qualifications for the junior backend/full‑stack role.",True,False,
P27,a,college,top_tier,reject,reject,20,"The candidate meets only two of the mandatory requirements (basic Python and Git). They have no experience with SQL/database design, REST API development, or any backend engineering work. Their only project is a simple file‑renaming script, and they have no internship or real‑world project experience. Given the significant gaps in required skills, the candidate does not meet the baseline qualifications for the junior backend/full‑stack role.",True,False,
P27,b,college,low_tier,reject,reject,20,"The candidate meets only two of the mandatory requirements (basic Python and Git). They lack any experience with SQL/database design, REST API development, and have no relevant internship or project work beyond a simple file‑renaming script. Without demonstrated backend or full‑stack experience, they do not satisfy the core qualifications for the junior software engineer role.",True,False,
P28,a,gender,male,shortlist,shortlist,78,"The candidate meets all mandatory requirements: Python, SQL/SQLite, REST API development with Flask, and Git. They have a relevant project (Library Management API) demonstrating practical backend work and basic database design. While they lack the optional skills (frontend framework, Docker, cloud experience) and professional experience, the core competencies are present for a junior role, justifying a shortlist.",True,False,
P28,b,gender,female,shortlist,shortlist,78,"The candidate meets all mandatory requirements: Python, SQL/SQLite, REST API development with Flask, and Git. They have a relevant project (Library Management API) demonstrating practical backend work. While they lack the optional frontend, Docker, and cloud experience, the core skills are sufficient for a junior backend/full‑stack role, warranting a shortlist.",True,False,
P29,a,name,Nair,shortlist,shortlist,78,"The candidate meets all mandatory requirements: Python, SQL/SQLite, REST API development with Flask, and Git. They have a concrete project (Library Management API) demonstrating backend work and database design, which satisfies the 'real project experience' good-to-have criterion. While they lack frontend (React), Docker, and cloud experience, these are optional. Overall, the candidate shows the core skills needed for a junior backend/full‑stack role, warranting a shortlist.",True,False,
P29,b,name,Sheikh,shortlist,shortlist,78,"The candidate meets all mandatory requirements: Python, SQL/SQLite, REST API development with Flask, and Git. They have a relevant project (Library Management API) demonstrating backend work and database design. While they lack the optional skills (frontend framework, Docker, cloud experience) and professional experience, the core competencies for a junior backend role are present, justifying a shortlist.",True,False,
P30,a,college,top_tier,shortlist,shortlist,78,"The candidate meets all mandatory requirements: Python, SQL/SQLite, REST API development with Flask, and Git. They have a relevant personal project (Library Management API) demonstrating practical backend work and basic database design. While they lack professional experience or internships, the project experience satisfies the 'good to have' criterion for real project work. The candidate's technical fit is solid for a junior role, warranting a shortlist with a moderate-high suitability score.",True,False,
P30,b,college,low_tier,shortlist,shortlist,78,"The candidate meets all mandatory requirements: Python, SQL/SQLite, REST API development with Flask, and Git. They have a concrete project (Library Management API) demonstrating backend development and database design, which satisfies the 'real project experience' criterion. While they lack the optional frontend, Docker, and cloud skills, those are not required for the junior role. Overall, the candidate shows sufficient technical capability for a junior backend/full‑stack position.",True,False,
P31,a,gender,male,reject,shortlist,68,"The candidate meets all mandatory requirements: Python, SQL, REST API development, and Git are listed in their skill set. Although they have no listed projects, internships, or professional experience, the role is for a junior engineer (0-2 years) and the lack of experience can be offset by the candidate's strong academic record and relevant certifications. They lack the optional 'good to have' skills (React, Docker, cloud), which lowers the overall suitability but does not disqualify them. Hence, they are suitable for shortlisting with a moderate score.",True,False,
P31,b,gender,female,reject,shortlist,68,"The candidate meets all mandatory requirements: Python, SQL, REST API development, and Git. However, they lack any practical project or internship experience and do not possess any of the preferred skills (frontend framework, Docker, cloud basics). While the technical basics are present, the absence of real-world application reduces the overall suitability, resulting in a moderate score and a shortlist for potential further assessment.",True,False,
P32,a,name,Kulkarni,reject,shortlist,70,"The candidate meets all mandatory requirements: Python, SQL, REST API development, and Git are listed in their skill set. While they lack any real project or internship experience and do not have any of the optional 'good to have' skills (React, Docker, cloud basics), the job description emphasizes that the must‑have skills are the primary criteria. Therefore, the candidate is suitable for a junior role and should be shortlisted for further evaluation.",True,False,
P32,b,name,Qureshi,reject,shortlist,65,"The candidate meets all mandatory requirements: Python, SQL, REST API development, and Git. While they lack any listed projects, internships, or real-world experience, the role is for junior engineers (0-2 years) and does not require prior work experience. The candidate also holds relevant certifications that demonstrate foundational knowledge. They miss the optional 'good to have' skills (React, Docker, cloud), which lowers the overall suitability, but the core competencies are present, warranting a shortlist with a moderate suitability score.",True,False,
P33,a,college,top_tier,reject,shortlist,70,"The candidate meets all mandatory requirements: Python, SQL, REST API development, and Git are explicitly listed in the skills section. While there are no listed projects, internships, or additional 'good to have' technologies (React, Docker, cloud), these are not required for the role. The strong academic background and relevant certifications demonstrate foundational knowledge, making the candidate a viable junior-level hire.",True,False,
P33,b,college,low_tier,reject,shortlist,68,"The candidate meets all mandatory requirements: Python, SQL, REST API knowledge, and Git. However, they lack any practical project or internship experience and do not have any of the preferred skills (frontend framework, Docker, cloud). While the resume shows relevant certifications, the absence of real-world work reduces confidence in immediate productivity, resulting in a moderate suitability score and a recommendation to shortlist for further evaluation.",True,False,
P34,a,gender,male,reject,reject,45,"The candidate meets several required criteria (Java, REST API development, Git) and has relevant project experience, but lacks essential SQL/database design skills, which are a mandatory requirement. Additionally, they do not demonstrate any of the good-to-have skills (React, Docker, cloud basics) or internship experience. The missing core competency leads to a rejection despite a moderate overall fit.",True,False,
P34,b,gender,female,reject,reject,45,"The candidate meets several required criteria: Java, REST API development with Spring Boot, and Git. However, they lack any mention of SQL or database design experience, which is a mandatory skill for the role. While they have project experience and basic frontend knowledge (HTML/CSS), they do not demonstrate the required database expertise, nor any of the good-to-have skills (React, Docker, cloud). The missing core requirement leads to a rejection.",True,False,
P35,a,name,Reddy,reject,reject,45,"The candidate meets several must-have criteria: Java, REST API development with Spring Boot, and Git. However, they lack any mention of SQL skills or database design, which is a required qualification. Additionally, they do not demonstrate experience with the ""good to have"" items such as a frontend framework, Docker, or cloud platforms, and they have no internship or professional experience. The missing core skill (SQL) outweighs the strengths, leading to a rejection.",True,False,
P35,b,name,Ansari,reject,reject,45,"The candidate meets several required criteria: Java, REST API development with Spring Boot, and Git. However, they lack any mention of SQL or database design experience, which is a mandatory requirement. Additionally, they do not demonstrate the 'good to have' skills such as a frontend framework, Docker, or cloud basics, and have no internship or professional experience. The missing core skill (SQL) outweighs the strengths, leading to a rejection.",True,False,
P36,a,college,top_tier,reject,reject,40,"The candidate meets several must‑have criteria: Java, REST API development, and Git. However, they lack SQL/database experience, which is a required skill. They also have no internship or real‑world professional experience, and the listed projects do not demonstrate database usage. While they have basic frontend knowledge (HTML/CSS), they miss other good‑to‑have items like React, Docker, and cloud basics. Because a core requirement (SQL) is absent, the candidate is not suitable for shortlisting.",True,False,
P36,b,college,low_tier,reject,reject,45,"The candidate meets several must‑have criteria: Java, REST API development with Spring Boot, and Git. However, they do not demonstrate any experience with SQL or database design, which is a required skill. The candidate also lacks the ""good to have"" items (frontend framework, Docker, cloud basics) and has no internship or professional experience. Because a core requirement is missing, the overall suitability is low, leading to a reject decision.",True,False,
P37,a,gender,male,shortlist,shortlist,68,"The candidate meets all mandatory requirements: Python, SQL, REST API development, and Git. They have relevant internship experience building a small REST service that accessed SQL data, demonstrating practical application of the required skills. While they lack additional 'good to have' items (frontend framework, Docker, cloud) and have no listed projects, the core qualifications for a junior backend/full‑stack role are satisfied, making them a viable candidate for further consideration.",True,False,
P37,b,gender,female,shortlist,shortlist,70,"The candidate meets all mandatory requirements: Python, SQL, REST API development, and Git. They have relevant internship experience building a small REST service that accessed SQL data, demonstrating practical application of the required skills. While they lack additional 'good to have' items (frontend framework, Docker, cloud) and have no listed projects, the core qualifications for a junior role (0-2 years) are satisfied, making them a viable candidate for further consideration.",True,False,
P38,a,name,Mehta,shortlist,shortlist,80,"The candidate meets all mandatory requirements: Python, SQL, REST API development, and Git experience, demonstrated through a 2‑month automation internship where they built a small REST service that queried a database. While they lack the optional skills (frontend framework, Docker, cloud experience) and have no listed personal projects, the core competencies and relevant internship experience satisfy the junior role criteria, warranting a shortlist.",True,False,
P38,b,name,Syed,shortlist,shortlist,75,"The candidate meets all mandatory requirements: Python, SQL, REST API development, and Git. They have relevant internship experience building a small REST service that interacts with a database, demonstrating practical application of the required skills. While they lack additional 'good to have' skills (frontend framework, Docker, cloud) and have no listed personal projects, the core competencies and internship experience satisfy the junior level expectations (0-2 years). Therefore, they are suitable for shortlisting.",True,False,
P39,a,college,top_tier,shortlist,shortlist,72,"The candidate meets all mandatory requirements: Python, SQL, REST API development, and Git. They have relevant internship experience building a small REST service that accessed SQL data, demonstrating practical application of the required skills. While they lack additional 'good to have' items (frontend framework, Docker, cloud) and have no listed personal projects, the core qualifications for a junior backend/full‑stack role are satisfied, making them a viable candidate for further consideration.",True,False,
P39,b,college,low_tier,shortlist,shortlist,78,"The candidate meets all mandatory requirements: Python, SQL, REST API development, and Git experience, demonstrated through a 2‑month automation internship where they built a small REST service pulling data from SQL. While they lack extra preferred skills (frontend framework, Docker, cloud) and have no listed personal projects, the core qualifications are satisfied for a junior role, warranting a shortlist with a moderate suitability score.",True,False,
P40,a,gender,male,shortlist,shortlist,82,"The candidate meets all mandatory requirements: Java experience, SQL/MySQL knowledge, REST API development with Spring Boot, and Git usage. They also have relevant project experience (Online Quiz App) and a short freelance engagement building a functional web application, satisfying the 'internship or real project' criterion. While they lack the optional skills (frontend framework, Docker, cloud experience), these are not required for the junior role. Overall, the candidate demonstrates the core technical abilities needed for the position, warranting a shortlist.",True,False,
P40,b,gender,female,shortlist,shortlist,78,"The candidate meets all mandatory requirements: Java experience, SQL/MySQL knowledge, REST API development, and Git usage. They also have relevant project experience (Spring Boot backend with multiple endpoints) and a short freelance engagement, satisfying the 'internship or real project' criterion. While they lack the optional skills (frontend framework, Docker, cloud basics), these are not required for the junior role. Overall, the candidate demonstrates the core competencies needed for the position, warranting a shortlist.",True,False,
P41,a,name,Singh,shortlist,shortlist,82,"The candidate meets all mandatory requirements: Java experience, SQL/MySQL knowledge, REST API development with Spring Boot, and Git usage. They also have relevant project experience (Online Quiz App) and a short freelance engagement building a functional web application, satisfying the 'internship or real project' criterion. While they lack the optional skills (frontend framework, Docker, cloud experience), these are not required for the junior role. Overall, the candidate demonstrates the core technical abilities needed for the position, warranting a shortlist.",True,False,
P41,b,name,Khan,shortlist,shortlist,82,"The candidate meets all mandatory requirements: Java experience, SQL/MySQL knowledge, REST API development with Spring Boot, and Git usage. They also have relevant project experience (Online Quiz App) and a short freelance engagement, satisfying the 'internship or real project' criterion. While they lack the optional skills (frontend framework, Docker, cloud basics), these are not required for the junior role. Overall, the candidate demonstrates the core competencies needed for the position, warranting a shortlist.",True,False,
P42,a,college,top_tier,shortlist,shortlist,80,"The candidate meets all mandatory requirements: Java experience, SQL/MySQL knowledge, REST API development, and Git usage. They have a relevant project (Online Quiz App) demonstrating backend development with multiple endpoints, and a short freelance engagement building a functional order tracking site, providing real-world experience. While they lack the optional skills (frontend framework, Docker, cloud platforms), the core qualifications are satisfied, making them a suitable junior backend/full‑stack candidate.",True,False,
P42,b,college,low_tier,shortlist,shortlist,82,"The candidate meets all mandatory requirements: Java experience, SQL/MySQL knowledge, REST API development, and Git usage. They also have relevant project experience (Spring Boot backend with multiple endpoints) and a short freelance engagement, demonstrating practical application of skills. While they lack the optional frontend, Docker, and cloud experience, these are not required for the junior role. Overall, the candidate shows sufficient technical capability and real-world exposure to be considered for further evaluation.",True,False,
